product_id,seller_id,price_band,items,gmv,avg_price,avg_review,freight_ratio,months_active,velocity,score,reason
44afebe5ba695261a126f43a4b29d814,520b493b57809f446cb0a233bb3e25c7,中高价带(50-100),8,736.0,92.0,2.88,0.197,1,8.0,0.416,差评硬规则(均分<3.0且销量≥3)
97f1396a5a1f7c07ba51784efdec44b8,955fee9216a65b617aa5c0531780ce60,高价带(100+),15,2211.0,147.4,2.6,0.128,5,3.0,0.3525,差评硬规则(均分<3.0且销量≥3)
588ea3decc0d8e1d19ce6160c5b0da1b,955fee9216a65b617aa5c0531780ce60,高价带(100+),12,1971.0,164.25,2.75,0.147,5,2.4,0.3451,差评硬规则(均分<3.0且销量≥3)
7855801875dac05bda454284be8be7db,f76a3b1349b6df1ee875d1f3fa4340f0,高价带(100+),6,839.4,139.9,2.83,0.127,2,3.0,0.3319,差评硬规则(均分<3.0且销量≥3)
85fa36e792c259f4f0022c6966c50c1c,218f991754f360af9c2daa5e0b8e990c,高价带(100+),4,799.6,199.9,2.75,0.075,2,2.0,0.3101,差评硬规则(均分<3.0且销量≥3)
1d691d8ace0e9d0e00de0569faf0ae04,be3b4b0f050a6aa1b2d901c4b77e979f,中价带(25-50),6,239.4,39.9,2.0,0.457,1,6.0,0.3076,差评硬规则(均分<3.0且销量≥3)
953439fbf9090e2362532905d89b991f,7040e82f899a04d1b434b795a43b4617,高价带(100+),6,1019.4,169.9,2.83,0.139,5,1.2,0.3054,差评硬规则(均分<3.0且销量≥3)
c829cd4f5382dfc97d9cb71af8619e79,688756f717c462a206ad854c5027a64a,中高价带(50-100),5,310.0,62.0,2.0,0.284,1,5.0,0.2966,差评硬规则(均分<3.0且销量≥3)
d315b738a6e96f4d9710af966cb7cd5b,f8db351d8c4c4c22c6835c19a46f01b0,中价带(25-50),5,132.5,26.5,2.8,0.413,2,2.5,0.2962,差评硬规则(均分<3.0且销量≥3)
233284251960ee2c45f3bc9e68731630,8e6cc767478edae941d9bd9eb778d77a,中价带(25-50),4,134.4,33.6,2.5,0.834,1,4.0,0.2925,差评硬规则(均分<3.0且销量≥3)
8e1446d14972eb9ba34dd6273315f419,95e03ca3d4146e4011985981aeb959b9,低价带(<25),4,79.96,19.99,2.5,0.781,1,4.0,0.2924,差评硬规则(均分<3.0且销量≥3)
ac850a749748b386d598124ae34ba1b0,fffd5413c0700ac820c7069d66d98c89,高价带(100+),4,1194.4,298.6,2.75,0.276,8,0.5,0.2895,差评硬规则(均分<3.0且销量≥3)
cda185193c72c0eb8dde03f20f101230,febab0275244b9a49a623f0bd613ca2f,中高价带(50-100),9,625.5,69.5,2.78,0.207,9,1.0,0.2871,差评硬规则(均分<3.0且销量≥3)
cfa14c9ef22bd6c41e20df06de9dfa76,ce7d1888639e6fb06b2749cbfdac1ff7,高价带(100+),2,276.0,138.0,3.0,0.253,3,0.667,0.2851,综合分末位15%
60b84165fc418389757838f274b728e6,b19f3ca2ea475913750f25a5c37c8d8f,中高价带(50-100),2,139.8,69.9,3.0,0.342,2,1.0,0.285,综合分末位15%
87b92e06b320e803d334ac23966c80b1,7a241947449cc45dbfda4f9d0798d9d0,高价带(100+),1,109.0,109.0,3.0,0.329,1,1.0,0.2846,综合分末位15%
8dc2f396f9c1b21665f94a5caa0ee791,0bae85eb84b9fb3bd773911e89288d54,中高价带(50-100),1,54.16,54.16,3.0,0.274,1,1.0,0.2845,综合分末位15%
100260bf9206d859dc8db128c8c5afc9,4992e76a42cb3aad7a7047e0d3d7e729,中价带(25-50),4,100.0,25.0,3.0,0.549,3,1.333,0.2845,综合分末位15%
e06eb527f0a6ce904044687bd2faa582,994f04b3718c2bab35c2adfa8afecd2a,中价带(25-50),1,49.9,49.9,3.0,0.283,1,1.0,0.2842,综合分末位15%
7fe3f176f02fbc85e3f9d24e0f34e860,b33aaadd1a8891d2dfef0c4c3bdf0371,中价带(25-50),1,36.0,36.0,3.0,0.273,1,1.0,0.2841,综合分末位15%
363447257ff5d59bda202c8fd1e2c53e,7722b1df1b0e383e000397b2c11e3e19,中价带(25-50),1,39.9,39.9,3.0,0.275,1,1.0,0.2841,综合分末位15%
155a2d804e1562dedf47f5a300115c7c,b335c59ab742f751a85db9c411a86739,中价带(25-50),1,44.9,44.9,3.0,0.288,1,1.0,0.2839,综合分末位15%
3207053643b68f43eed19750c0ad8157,4c18691b6037662be2df78a765d98ab5,中价带(25-50),1,30.0,30.0,3.0,0.279,1,1.0,0.2838,综合分末位15%
0ae935aec15938b92f6667ec2fde2dc2,00720abe85ba0859807595bbf045a33b,中高价带(50-100),4,312.0,78.0,3.0,0.276,7,0.571,0.2838,综合分末位15%
d83cba631d40af7f65eeac52132ee096,0adac9fbd9a2b63cccaac4f8756c1ca8,中价带(25-50),1,49.9,49.9,3.0,0.303,1,1.0,0.2837,综合分末位15%
081476f0ad46b45e23bbd0f3d1d4dd98,6edacfd9f9074789dad6d62ba7950b9c,中价带(25-50),1,49.9,49.9,3.0,0.303,1,1.0,0.2837,综合分末位15%
6fd3f7378cd65325e10cb21733778416,870d0118f7a9d85960f29ad89d5d989a,中高价带(50-100),3,269.7,89.9,3.0,0.193,6,0.5,0.2835,综合分末位15%
d43c65f300c5cfaae005f1f954fc0b15,fffd5413c0700ac820c7069d66d98c89,中高价带(50-100),3,236.7,78.9,3.0,0.23,5,0.6,0.2835,综合分末位15%
66a4ac0f9c73e92afc9cb7566977ef83,f8db351d8c4c4c22c6835c19a46f01b0,中价带(25-50),2,79.8,39.9,3.0,0.342,2,1.0,0.2835,综合分末位15%
ae27a5524edb2c8dc4656c670f458fb7,8e6cc767478edae941d9bd9eb778d77a,中高价带(50-100),2,121.2,60.6,3.0,0.384,2,1.0,0.2835,综合分末位15%
ce4564d6cb17bf0139f4a0860565c338,6426d21aca402a131fc0a5d0960a3c90,中高价带(50-100),1,59.9,59.9,3.0,0.328,1,1.0,0.2833,综合分末位15%
72a26085dd4fbd27f7206188081008d9,93b9a99027bd8bd6af682aff18dd19bf,中高价带(50-100),1,73.0,73.0,3.0,0.343,1,1.0,0.2833,综合分末位15%
b0141fc41043ae23a16677f3a7e282b3,65febd49fd28ec955651299159b1f527,高价带(100+),1,139.99,139.99,3.0,0.415,1,1.0,0.2832,综合分末位15%
54234b8d25e66201fe043b2fdcfa8e6e,57c764b4a836300be881e2ff86e449f9,中价带(25-50),1,44.9,44.9,3.0,0.323,1,1.0,0.2831,综合分末位15%
9aa70106d14b83c7ad033592870b2b30,0be8ff43f22e456b4e0371b2245e4d01,中价带(25-50),1,47.9,47.9,3.0,0.33,1,1.0,0.283,综合分末位15%
416c4340800aa9bce887e000e96390a9,53e4c6e0f4312d4d2107a8c9cddf45cd,中高价带(50-100),2,144.0,72.0,3.0,0.205,3,0.667,0.2829,综合分末位15%
d6771ada82143b0a04ba2cf7690bfcc7,0bae85eb84b9fb3bd773911e89288d54,中价带(25-50),2,91.96,45.98,3.0,0.384,2,1.0,0.2827,综合分末位15%
70c6bcc1ade2c8284d07bddfe37dcfee,ca3bd7cd9f149df75950150d010fe4a2,中价带(25-50),1,34.2,34.2,3.0,0.343,1,1.0,0.2823,综合分末位15%
2f99595908b6d745c8fbcf4518699aed,c68fb906c8f4b4b946d8386bfa6e5467,中价带(25-50),1,36.75,36.75,3.0,0.345,1,1.0,0.2823,综合分末位15%
34ca28e1d0a2055f325d4275bad02073,f8db351d8c4c4c22c6835c19a46f01b0,高价带(100+),2,360.8,180.4,3.0,0.151,9,0.222,0.2822,综合分末位15%
3a840a54907a1cb180954630cda7928f,152ee17e4c8aaf53dac99f3462e4999b,低价带(<25),1,5.99,5.99,4.0,2.803,1,1.0,0.2821,综合分末位15%
add1fea8b7d998995db3a2ecbf410a54,7722b1df1b0e383e000397b2c11e3e19,中价带(25-50),1,39.9,39.9,3.0,0.364,1,1.0,0.2819,综合分末位15%
0786b87f44a44896ee0a59373edfcc50,8e6cc767478edae941d9bd9eb778d77a,中高价带(50-100),1,50.9,50.9,3.0,0.378,1,1.0,0.2818,综合分末位15%
e9cb5c8cc2d24f0967c0725cb73c2536,53e4c6e0f4312d4d2107a8c9cddf45cd,中价带(25-50),1,43.0,43.0,3.0,0.375,1,1.0,0.2817,综合分末位15%
ab464d315185546c908a888506fc22c1,98dac6635aee4995d501a3972e047414,中价带(25-50),1,38.9,38.9,3.0,0.37,1,1.0,0.2817,综合分末位15%
683d1efd7b8fb9bbe7e78c7436f27248,8e6cc767478edae941d9bd9eb778d77a,中价带(25-50),1,39.9,39.9,3.0,0.39,1,1.0,0.2812,综合分末位15%
e0a35b4c1be73785b8637ee21d5dcd02,f3da5b2ff499efb8d4a6d371d175d7dd,低价带(<25),2,44.3,22.15,3.0,0.401,2,1.0,0.2811,综合分末位15%
04e1e16bdb6952a60aa9c37334dc8eb3,f0ec78809fe0bc3edb11c9fe5b97b059,中价带(25-50),1,37.9,37.9,3.0,0.406,1,1.0,0.2808,综合分末位15%
2284b28ca179d66957a67ef01a5b7d6c,8e6cc767478edae941d9bd9eb778d77a,中价带(25-50),1,35.0,35.0,3.0,0.403,1,1.0,0.2808,综合分末位15%
5bb4f7ac197ab2d099e968a3d3810915,53e4c6e0f4312d4d2107a8c9cddf45cd,中价带(25-50),1,35.99,35.99,3.0,0.42,1,1.0,0.2804,综合分末位15%
b744e6c9118fe1df001c94ef9a4d7ab5,68ca56ce86830f3d31b1b7ec6a54da3e,中价带(25-50),1,46.99,46.99,3.0,0.459,1,1.0,0.2797,综合分末位15%
d144b22a69d676d4a756e2da50ec9487,4992e76a42cb3aad7a7047e0d3d7e729,中价带(25-50),1,28.9,28.9,3.0,0.439,1,1.0,0.2797,综合分末位15%
7d54806a8bae9f24cbd6c2125d463ace,cd06602b43d8800bd0afad514919d35c,中价带(25-50),1,25.0,25.0,3.0,0.438,1,1.0,0.2797,综合分末位15%
5173e870df52b09d6b76f88504a1991d,0adac9fbd9a2b63cccaac4f8756c1ca8,低价带(<25),2,27.0,13.5,3.0,1.138,1,2.0,0.2792,综合分末位15%
cdba44bccdafa757b44f7f41b70f4e23,8e6cc767478edae941d9bd9eb778d77a,高价带(100+),3,458.16,152.72,2.67,0.098,3,1.0,0.2787,差评硬规则(均分<3.0且销量≥3)
97a0fca3502276570a22f65e739f3dcd,e333046ce6517bd8bb510291d44f0130,中价带(25-50),1,39.0,39.0,3.0,0.495,1,1.0,0.2786,综合分末位15%
d926e6d3f3a790d09e925e886eb8031a,594f9aaa48e5bf431f011ddc5669b0d5,中价带(25-50),1,35.9,35.9,3.0,0.503,1,1.0,0.2783,综合分末位15%
0891f8ac9e3d7252ec5c162da0b0b86c,994f04b3718c2bab35c2adfa8afecd2a,中价带(25-50),2,75.8,37.9,3.0,0.325,3,0.667,0.2781,综合分末位15%
a573ca6c2020041316ed95965ae0887f,6edacfd9f9074789dad6d62ba7950b9c,中价带(25-50),1,27.9,27.9,3.0,0.505,1,1.0,0.278,综合分末位15%
0d87a475cd933bc600f92e0b346e9c0c,7722b1df1b0e383e000397b2c11e3e19,中价带(25-50),3,107.7,35.9,3.0,0.254,6,0.5,0.2779,综合分末位15%
ba2b57d0310d7cf65e8538089a9e72f4,0adac9fbd9a2b63cccaac4f8756c1ca8,中价带(25-50),2,93.8,46.9,3.0,0.355,3,0.667,0.2778,综合分末位15%
2988acfdcc0351677a6a53f4f51b24cf,f356c348fbc8df6a882823e21f5ce8b7,中高价带(50-100),2,195.18,97.59,2.5,0.156,1,2.0,0.2769,综合分末位15%
47c064333cf67e5cdc8243db3f095767,b499c00f28f4b7069ff6550af8c1348a,低价带(<25),4,99.96,24.99,2.0,0.18,1,4.0,0.2768,差评硬规则(均分<3.0且销量≥3)
013fef6ee8c8f3ff998e8f0a950a0495,4c18691b6037662be2df78a765d98ab5,低价带(<25),1,13.5,13.5,3.0,0.547,1,1.0,0.2766,综合分末位15%
0d5837a2580f92e18e2d1b5f7fa70c2d,729f06993dac8e860d4f02d7088ca48a,高价带(100+),6,2399.4,399.9,2.0,0.263,9,0.667,0.2766,差评硬规则(均分<3.0且销量≥3)
7ef399e57cdf7ead307d018f4f82102b,e45edf75f568ed2f93f78d060e246e25,低价带(<25),1,22.9,22.9,3.0,0.583,1,1.0,0.276,综合分末位15%
478cf0d317ccab62d1483a637de8df14,6cd68b3ed6d59aaa9fece558ad360c0a,中价带(25-50),1,32.0,32.0,3.0,0.604,1,1.0,0.2757,综合分末位15%
226be9996759442f90f73b7d24c6baff,c6a7539d424a8402232c2228d7a03c5e,中价带(25-50),15,607.5,40.5,2.6,0.648,9,1.667,0.2757,差评硬规则(均分<3.0且销量≥3)
dac245c10d9ccd0f3dd3b14f4b7c4b7f,3361277dc30b7cccdb0c286b24219756,低价带(<25),4,57.47,14.37,3.25,0.915,9,0.444,0.2746,综合分末位15%
5315eb668c882a11354fcd9c4d27e254,0bae85eb84b9fb3bd773911e89288d54,低价带(<25),1,24.95,24.95,3.0,0.646,1,1.0,0.2744,综合分末位15%
d4a3b5aa064bf44e74f1e71862bea22a,57c764b4a836300be881e2ff86e449f9,低价带(<25),8,89.2,11.15,3.38,1.363,14,0.571,0.2744,综合分末位15%
bf6e9b07b37b073afbd4420d91518a9b,53e4c6e0f4312d4d2107a8c9cddf45cd,中价带(25-50),3,137.4,45.8,3.0,0.38,7,0.429,0.2742,综合分末位15%
5b72869222be7f5cc7329bf74f01f6bc,4c18691b6037662be2df78a765d98ab5,中价带(25-50),1,30.0,30.0,3.0,0.68,1,1.0,0.2737,综合分末位15%
9ed0c78e13f71131885275746cc69687,febab0275244b9a49a623f0bd613ca2f,中高价带(50-100),3,221.97,73.99,3.0,0.873,3,1.0,0.2737,综合分末位15%
a7d2c99f1d0e7ddfbce06d48f12b61a2,99a54764c341d5dc80b4a8fac4eba3fb,低价带(<25),5,99.5,19.9,2.6,0.776,2,2.5,0.2737,差评硬规则(均分<3.0且销量≥3)
b984d2ef473c9daeaee1f7754f0076fb,4c18691b6037662be2df78a765d98ab5,中价带(25-50),1,26.85,26.85,3.0,0.681,1,1.0,0.2736,综合分末位15%
c1b63d4c57e9d56a827fdb72afeaa246,138dbe45fc62f1e244378131a6801526,中价带(25-50),1,32.9,32.9,3.0,0.695,1,1.0,0.2734,综合分末位15%
3ece0f08943c87ee3e0f6bfb045250f3,5b35136197710e16ac5e7b7c2bd4ea85,高价带(100+),4,859.6,214.9,2.5,0.078,6,0.667,0.2731,差评硬规则(均分<3.0且销量≥3)
1c02c66278df52e0e945f9cdcd9259ac,8f119a0aee85c0c8fc534629734e94fd,中价带(25-50),2,59.98,29.99,3.0,0.509,3,0.667,0.2731,综合分末位15%
230907d5dd938f510eefba95ef295da8,53e4c6e0f4312d4d2107a8c9cddf45cd,中价带(25-50),2,64.0,32.0,3.0,0.26,7,0.286,0.2729,综合分末位15%
ddccf31eab44aaa16cb1a7703a65b696,daeb5653dd96c1b11860f72209795012,低价带(<25),1,19.9,19.9,3.0,0.709,1,1.0,0.2727,综合分末位15%
c1568069089eb4c961506f6198bdc9f9,0bae85eb84b9fb3bd773911e89288d54,低价带(<25),1,24.95,24.95,3.0,0.718,1,1.0,0.2726,综合分末位15%
b1ff030591e1d0e0069e54d11c5c21d5,9c54608f0996c32ae4743089d915f845,中高价带(50-100),1,79.9,79.9,3.0,0.786,1,1.0,0.2723,综合分末位15%
7eb96ea641252f20b26fd6878d009a1d,955fee9216a65b617aa5c0531780ce60,中价带(25-50),2,80.0,40.0,2.5,0.257,1,2.0,0.2715,综合分末位15%
2794308672e65bc5a970a627ddb9b0f1,dbb9b48c841a0e39e21f98e1a6b2ec3e,低价带(<25),1,14.5,14.5,3.0,0.756,1,1.0,0.2714,综合分末位15%
891fb188da14116c09b14fcff8fb1a03,4830e40640734fc1c52cd21127c341d4,低价带(<25),1,24.0,24.0,3.0,0.795,1,1.0,0.2706,综合分末位15%
d11a48745339809b07eebc4a9c8c0a89,2a84855fd20af891be03bc5924d2b453,低价带(<25),1,18.9,18.9,3.0,0.806,1,1.0,0.2702,综合分末位15%
d2797d29d3fe4ed73ad93ecbca2ce7c8,0bae85eb84b9fb3bd773911e89288d54,低价带(<25),1,24.28,24.28,3.0,0.835,1,1.0,0.2696,综合分末位15%
7052c556fc966a2321d570f3c5a8790f,99a54764c341d5dc80b4a8fac4eba3fb,低价带(<25),2,15.0,7.5,3.0,1.523,1,2.0,0.2692,综合分末位15%
f9e110c72727fb5733e1a7e6a7a230c5,3d5d0dc7073a299e31fa718ce1bc00b6,低价带(<25),4,40.0,10.0,3.0,1.106,3,1.333,0.2689,综合分末位15%
41801d2ed5124923137ec39aeeea1e93,3be634553519fb6536a03e1358e9fdc7,中高价带(50-100),9,542.19,60.24,2.56,0.303,9,1.0,0.2688,差评硬规则(均分<3.0且销量≥3)
b70722d88b1dddd6ecbb159db90faf61,a218df5c097b0ca409cfaac1488cc7f6,低价带(<25),1,14.9,14.9,3.0,0.858,1,1.0,0.2688,综合分末位15%
09e90effb944a6866b1d4b058a15f70c,f3da5b2ff499efb8d4a6d371d175d7dd,低价带(<25),2,38.66,19.33,3.0,0.894,2,1.0,0.2685,综合分末位15%
3cd567828508afb8dc38c1eaa13df9ac,98dac6635aee4995d501a3972e047414,低价带(<25),1,9.9,9.9,3.0,0.897,1,1.0,0.2677,综合分末位15%
d498e8a880bdf3d26e2b9b3e92c4f424,98dac6635aee4995d501a3972e047414,中高价带(50-100),3,173.22,57.74,2.67,0.299,3,1.0,0.2663,差评硬规则(均分<3.0且销量≥3)
506d34b59d14e8b54ca767f075417db3,3092c0b297aacfb4bb6e056ebe13b9b8,低价带(<25),1,18.9,18.9,3.0,0.967,1,1.0,0.2662,综合分末位15%
1e6742b4c9ab3675bfe578670f264ce2,53e4c6e0f4312d4d2107a8c9cddf45cd,中价带(25-50),4,117.99,29.5,3.0,0.585,15,0.267,0.2658,综合分末位15%
c24296567cc15dfc3744439670716c4d,f52c2422904463fdd7741f99045fecb6,低价带(<25),1,12.9,12.9,3.0,0.991,1,1.0,0.2654,综合分末位15%
2a149f2dc4ecc44e7e34f558886d59e4,9315e491484b1b0081ca166fc164108d,中价带(25-50),1,29.99,29.99,3.0,1.014,1,1.0,0.2653,综合分末位15%
237629a2fbb505d4db6ef67408dcf5bf,7b7ed56ae755e2880f2b69632e839c1e,低价带(<25),1,18.9,18.9,3.0,1.007,1,1.0,0.2652,综合分末位15%
d338b69b9fffb4c3bd206b5350406873,ca3bd7cd9f149df75950150d010fe4a2,低价带(<25),1,18.25,18.25,3.0,1.019,1,1.0,0.2649,综合分末位15%
6917f21a7df770ef60ec45dd4714abaf,7dc8c42cc750eeafea6c85712ffee9bf,高价带(100+),2,379.98,189.99,2.5,0.155,2,1.0,0.2646,综合分末位15%
501ae028cdc334d0292eb35591ccb5d6,99a54764c341d5dc80b4a8fac4eba3fb,低价带(<25),1,15.9,15.9,3.0,1.128,1,1.0,0.2621,综合分末位15%
a5e242d7d26774906928c7c4aa3916bd,0adac9fbd9a2b63cccaac4f8756c1ca8,低价带(<25),4,31.7,7.93,3.5,1.925,13,0.308,0.2618,综合分末位15%
271a16e4751b04867238b601ad652692,0adac9fbd9a2b63cccaac4f8756c1ca8,低价带(<25),1,12.69,12.69,3.0,1.149,1,1.0,0.2614,综合分末位15%
2ac7c9339ff85fff3e1aee3eaf7bb315,ffdd9f82b9a447f6f8d4b91554cc7dd3,低价带(<25),1,13.0,13.0,3.0,1.172,1,1.0,0.2609,综合分末位15%
74104f4d2a450d95d04f0bed142b082c,53e4c6e0f4312d4d2107a8c9cddf45cd,高价带(100+),2,344.0,172.0,2.5,0.28,2,1.0,0.2605,综合分末位15%
a5a0e71a81ae65aa335e71c06261e260,c8417879a15366a17c30af34c798c332,中价带(25-50),9,345.9,38.43,2.0,0.4,3,3.0,0.2605,差评硬规则(均分<3.0且销量≥3)
03137dc3af3dc8138e070c4536407618,0bae85eb84b9fb3bd773911e89288d54,高价带(100+),2,215.7,107.85,2.5,0.176,2,1.0,0.2599,综合分末位15%
de17feec1983829fec4bc58cadaa43f3,835f0f7810c76831d6c7d24c7a646d4d,中高价带(50-100),10,699.0,69.9,2.3,0.252,9,1.111,0.2597,差评硬规则(均分<3.0且销量≥3)
86df1e9a07c3d463f6a6c3f776051e9d,cd06602b43d8800bd0afad514919d35c,高价带(100+),2,232.2,116.1,2.5,0.201,2,1.0,0.2597,综合分末位15%
205204e979a44d5dca4251324f853a46,f8db351d8c4c4c22c6835c19a46f01b0,中价带(25-50),4,103.6,25.9,2.5,0.355,3,1.333,0.2582,差评硬规则(均分<3.0且销量≥3)
c7aa6e6a39fc78bf4285e9ec06823bd4,99a54764c341d5dc80b4a8fac4eba3fb,低价带(<25),2,15.5,7.75,3.0,1.309,2,1.0,0.2575,综合分末位15%
1ec5253cf0b6d3a31b822770cfa139b5,7040e82f899a04d1b434b795a43b4617,高价带(100+),3,479.7,159.9,2.33,0.165,3,1.0,0.2563,差评硬规则(均分<3.0且销量≥3)
50bad34e680f8a231096d72eb998a877,7b7ed56ae755e2880f2b69632e839c1e,低价带(<25),1,24.9,24.9,3.0,1.489,1,1.0,0.2532,综合分末位15%
4c5f70248102ed45620167bb6f80d2ef,5d3bb11474a06bdc23fb9e89f1164ee0,中高价带(50-100),2,179.6,89.8,2.5,0.2,3,0.667,0.2527,综合分末位15%
e0bb3159111d86828b5caef8725ff055,cd06602b43d8800bd0afad514919d35c,高价带(100+),6,606.0,101.0,2.17,0.2,5,1.2,0.2521,差评硬规则(均分<3.0且销量≥3)
a2a91fe6d8762e0371abd964cef88ec6,4992e76a42cb3aad7a7047e0d3d7e729,中价带(25-50),5,125.0,25.0,2.6,0.592,6,0.833,0.2505,差评硬规则(均分<3.0且销量≥3)
338bf1554cc911be551275c6c6c396c7,3be634553519fb6536a03e1358e9fdc7,中高价带(50-100),2,161.57,80.79,2.5,0.168,4,0.5,0.2502,综合分末位15%
2b2e55ad3e118ae57401cf2b747ca428,45c20d94d9171b0bcfab3c955e47d67b,低价带(<25),1,6.99,6.99,3.0,1.695,1,1.0,0.2476,综合分末位15%
e8de73291c6283e59972a8c25edf40be,59b22a78efb79a4797979612b885db36,中高价带(50-100),2,118.0,59.0,2.5,0.235,4,0.5,0.2474,综合分末位15%
29d78eec0b549067b52a07635d049c8b,14f2b3587172b9db894c9bad8dab520b,高价带(100+),2,244.0,122.0,2.5,0.353,5,0.4,0.2459,综合分末位15%
865cf360a28190ff9c1cf3ee412c55ba,7b7f91e98f8c6def45a1407923304402,低价带(<25),2,37.98,18.99,2.5,0.596,2,1.0,0.2448,综合分末位15%
2f2155ee7545c9ca31ac68685224bc4a,739c7d7be81f63812dea0d1b1451c651,中价带(25-50),1,27.6,27.6,3.0,1.901,1,1.0,0.2429,综合分末位15%
1c27515baa5bece76d41e2353efcdd8e,c6381d2d013342748761e906d45aff76,中高价带(50-100),3,237.0,79.0,2.33,0.312,4,0.75,0.2421,差评硬规则(均分<3.0且销量≥3)
2b25ef4ad1788c0699dff628cdbbfbd0,1f867308a0ce13133a4e639ff4de0c02,中价带(25-50),2,55.0,27.5,2.5,0.395,4,0.5,0.2417,综合分末位15%
5b15ec157adf95b76075f045c18ba7c0,7722b1df1b0e383e000397b2c11e3e19,中价带(25-50),2,79.8,39.9,2.0,0.208,1,2.0,0.2414,综合分末位15%
4cb1a2850af275025f76f015e0cc79cf,ca3bd7cd9f149df75950150d010fe4a2,中价带(25-50),6,178.5,29.75,1.0,0.558,1,6.0,0.241,差评硬规则(均分<3.0且销量≥3)
e4176515d2055eb7771645c597f8b40c,8b28d096634035667e8263d57ba3368c,中价带(25-50),4,139.6,34.9,2.5,0.441,10,0.4,0.241,差评硬规则(均分<3.0且销量≥3)
5d983d66e379e5200d979878175c7af4,95e03ca3d4146e4011985981aeb959b9,中价带(25-50),2,76.0,38.0,2.0,0.242,1,2.0,0.2405,综合分末位15%
fc64f94fa41c3384cce3defbe89db72f,4830e40640734fc1c52cd21127c341d4,中高价带(50-100),3,179.97,59.99,1.67,0.236,1,3.0,0.2397,差评硬规则(均分<3.0且销量≥3)
1dddcf66e6d46f1b94005221d92c6eca,f43827dd686be3a4a80e00aa299990fb,中价带(25-50),2,95.54,47.77,2.0,0.316,1,2.0,0.2391,综合分末位15%
99e28f7c171b6945dc991d1178ffedfe,7daca0837f033a41a6f3428c18657533,高价带(100+),2,559.98,279.99,2.0,0.109,2,1.0,0.2391,综合分末位15%
20a5aefe5c61d9047acc46a0970e4908,f3da5b2ff499efb8d4a6d371d175d7dd,中高价带(50-100),2,117.8,58.9,2.25,0.293,2,1.0,0.2388,综合分末位15%
c8327011b01e4666db6770ebb8a86fa9,d94a40fd42351c259927028d163af842,高价带(100+),3,447.0,149.0,2.0,0.361,2,1.5,0.2384,差评硬规则(均分<3.0且销量≥3)
c770c3d5ab511e88a96d387bdb0b6ce0,e06f09ec0a4aca210779cf1cfc63cf19,中高价带(50-100),2,110.0,55.0,2.0,0.38,1,2.0,0.2379,综合分末位15%
5742ee1a5d941486111ab986f6611735,99a54764c341d5dc80b4a8fac4eba3fb,中价带(25-50),2,79.6,39.8,3.0,1.847,4,0.5,0.237,综合分末位15%
0124d1581f26143e988b8e1a4b7adab7,ca3bd7cd9f149df75950150d010fe4a2,低价带(<25),2,48.6,24.3,2.0,0.451,1,2.0,0.2345,综合分末位15%
fdbf9f9491572857107621c9e0c5d59c,a49928bcdf77c55c6d6e05e09a9b4ca5,低价带(<25),3,57.0,19.0,2.33,0.406,5,0.6,0.2326,差评硬规则(均分<3.0且销量≥3)
830814a623453adb6e343fb0260e3810,f9903dd0f812c7e771fcad47b6fff231,高价带(100+),1,289.99,289.99,2.0,0.098,1,1.0,0.2325,综合分末位15%
2852bc2e54973155081dc04bff585ac4,ed8cb7b190ceb6067227478e48cf8dde,低价带(<25),2,49.98,24.99,2.0,0.551,1,2.0,0.232,综合分末位15%
b5661cf46c147805adc83695fb04f487,c6381d2d013342748761e906d45aff76,中高价带(50-100),4,276.0,69.0,2.0,0.37,3,1.333,0.231,差评硬规则(均分<3.0且销量≥3)
f201c94e7d8aa11b6ab049d69730309d,ca3bd7cd9f149df75950150d010fe4a2,高价带(100+),4,677.6,169.4,1.0,0.122,1,4.0,0.2305,差评硬规则(均分<3.0且销量≥3)
a233e06dacf6de1293acf72ab6e9fe52,cc63f0dd2acba93ffed4fe9f8e0321fa,高价带(100+),1,199.9,199.9,2.0,0.099,1,1.0,0.2302,综合分末位15%
724d8701e060e57764e2a0d4a4c0bb0d,cc5a78bbad32776dc4e3af205218368c,低价带(<25),2,11.7,5.85,3.0,3.116,1,2.0,0.229,综合分末位15%
2a7835ac39ba7753ece75242d290f044,8ff1a9df749e454105c55cda13e79143,高价带(100+),1,149.9,149.9,2.0,0.102,1,1.0,0.2288,综合分末位15%
aaea62612b84679ddf91cbdda1183e7e,556a6409838156ea299c9d1f9e2dde43,高价带(100+),1,157.9,157.9,2.0,0.122,1,1.0,0.2285,综合分末位15%
674be5e777bdff41cf05194fa4e8b64d,688756f717c462a206ad854c5027a64a,高价带(100+),1,123.0,123.0,2.0,0.107,1,1.0,0.228,综合分末位15%
a52dba3d501f168fc53246f8f8798249,7b7f91e98f8c6def45a1407923304402,低价带(<25),5,124.45,24.89,1.8,0.647,2,2.5,0.2276,差评硬规则(均分<3.0且销量≥3)
df42f27d852d49828f9f9fcbf29820d3,8e6cc767478edae941d9bd9eb778d77a,低价带(<25),2,46.06,23.03,2.0,0.729,1,2.0,0.2274,综合分末位15%
ecf23a6c1689e2bed38171ececac6138,5b179e9e8cc7ab6fd113a46ca584da81,高价带(100+),7,889.3,127.04,1.57,0.12,5,1.4,0.2272,差评硬规则(均分<3.0且销量≥3)
6cdedcaa72a7ac7fd354bc71adb02ddf,59b22a78efb79a4797979612b885db36,高价带(100+),3,469.0,156.33,2.0,0.499,3,1.0,0.227,差评硬规则(均分<3.0且销量≥3)
4cfda9c405b4bc926663d2c0d1ddc832,0be8ff43f22e456b4e0371b2245e4d01,中高价带(50-100),1,79.9,79.9,2.0,0.117,1,1.0,0.2266,综合分末位15%
9d91da41ef1f568f2a03332a42ca5fa8,53e4c6e0f4312d4d2107a8c9cddf45cd,高价带(100+),1,199.0,199.0,2.0,0.242,1,1.0,0.2265,综合分末位15%
f522a110bd19cb7c8b5778828768f342,11305281b50fff20ae8bb473f8e11876,高价带(100+),1,119.9,119.9,2.0,0.174,1,1.0,0.2262,综合分末位15%
fbb4594a7d9aff5d02ae898ee494b935,276677b5d08786d5dce7c2149dcce48b,中高价带(50-100),2,109.8,54.9,2.0,0.169,2,1.0,0.2261,综合分末位15%
01a9707790aab6855a6438b92c4c396b,23d7c96d4a1160db1c726b248601b25a,中高价带(50-100),1,89.9,89.9,2.0,0.158,1,1.0,0.2259,综合分末位15%
a1e247b4cedaed462f50049a633345da,5cbbd5a299cab112b7bf23862255e43e,中高价带(50-100),1,60.0,60.0,2.0,0.131,1,1.0,0.2258,综合分末位15%
98b60cfeeb9f910672c471ffc94541c2,8e6cc767478edae941d9bd9eb778d77a,高价带(100+),1,106.5,106.5,2.0,0.199,1,1.0,0.2253,综合分末位15%
75b317dc3a4d186a05953668cb82ec66,b64d51f0435e884e8de603b1655155ae,低价带(<25),1,20.4,20.4,2.0,0.121,1,1.0,0.225,综合分末位15%
96e7e4dc5b1964302aa4e183c428f925,3078096983cf766a32a06257648502d1,高价带(100+),1,169.79,169.79,2.0,0.293,1,1.0,0.2245,综合分末位15%
dc4a245b2972be4b4735dc079693d185,5cbbd5a299cab112b7bf23862255e43e,中高价带(50-100),1,98.67,98.67,2.0,0.236,1,1.0,0.2241,综合分末位15%
3d8ecfb459a62c886e330583bdbb3acd,7a241947449cc45dbfda4f9d0798d9d0,中高价带(50-100),1,69.0,69.0,2.0,0.206,1,1.0,0.2241,综合分末位15%
68baff1f2dbcb2df8581897b10150905,b19f3ca2ea475913750f25a5c37c8d8f,高价带(100+),1,199.99,199.99,2.0,0.339,1,1.0,0.2241,综合分末位15%
881223d7f9d9b37d73991a890b510ec6,c68fb906c8f4b4b946d8386bfa6e5467,中高价带(50-100),1,69.88,69.88,2.0,0.209,1,1.0,0.2241,综合分末位15%
e25503c7eef89bea2baa2f73beb8883b,688756f717c462a206ad854c5027a64a,中高价带(50-100),1,96.0,96.0,2.0,0.244,1,1.0,0.2239,综合分末位15%
47a67549d9b00310453dec1c3902e391,7722b1df1b0e383e000397b2c11e3e19,中高价带(50-100),1,69.9,69.9,2.0,0.254,1,1.0,0.2229,综合分末位15%
67386fbc7551e00d4ec499bdfb317683,6219ba2359cfb97f2e38fd4c321eb309,中价带(25-50),1,49.9,49.9,2.0,0.256,1,1.0,0.2224,综合分末位15%
8e1446d14972eb9ba34dd6273315f419,8b28d096634035667e8263d57ba3368c,中价带(25-50),5,164.19,32.84,1.8,0.366,3,1.667,0.2214,差评硬规则(均分<3.0且销量≥3)
6503fb999235a191e5256051244c627c,53e4c6e0f4312d4d2107a8c9cddf45cd,中高价带(50-100),1,82.0,82.0,2.0,0.331,1,1.0,0.2213,综合分末位15%
6fc29f9edcdf5b8a70c15131501620e7,0bfd0b434243adc5c2e1aa6baf19c6aa,低价带(<25),1,23.9,23.9,2.0,0.295,1,1.0,0.2207,综合分末位15%
49b92145c5462c320ff0b22ea9e240f3,0be8ff43f22e456b4e0371b2245e4d01,中价带(25-50),1,39.9,39.9,2.0,0.321,1,1.0,0.2205,综合分末位15%
04f9876e5833ccf6df7934aaebd19faf,8e6cc767478edae941d9bd9eb778d77a,中高价带(50-100),1,54.32,54.32,2.0,0.344,1,1.0,0.2203,综合分末位15%
75cd6bf033fa32fbdb357d28b65798b1,ca3bd7cd9f149df75950150d010fe4a2,中价带(25-50),1,49.8,49.8,2.0,0.337,1,1.0,0.2203,综合分末位15%
70c7b93c42de2f3b28534c09b69a9537,ca3bd7cd9f149df75950150d010fe4a2,中高价带(50-100),1,64.9,64.9,2.0,0.356,1,1.0,0.2202,综合分末位15%
adc48fd26eea311ca6856b58dfc3ca21,98dac6635aee4995d501a3972e047414,低价带(<25),10,53.0,5.3,2.6,2.007,8,1.25,0.2201,差评硬规则(均分<3.0且销量≥3)
c8e7965a98acecf61c4cebbaf5c08c53,099095b050cfe8eb1ddff5317587e96e,中高价带(50-100),4,357.98,89.5,1.5,0.145,2,2.0,0.2189,差评硬规则(均分<3.0且销量≥3)
5991a1ee2f6e00dd22dccb1550e20f64,f3da5b2ff499efb8d4a6d371d175d7dd,低价带(<25),1,19.9,19.9,2.0,0.372,1,1.0,0.2187,综合分末位15%
b2fb9a4023836f0368a7979f189de258,cc5a78bbad32776dc4e3af205218368c,中高价带(50-100),1,55.23,55.23,2.0,0.416,1,1.0,0.2185,综合分末位15%
aa4c5e610242fdfd79969a9577dfe112,53e4c6e0f4312d4d2107a8c9cddf45cd,中高价带(50-100),2,140.99,70.5,2.0,0.193,4,0.5,0.2178,综合分末位15%
866698de88814bef4b451bd37459723c,53e4c6e0f4312d4d2107a8c9cddf45cd,中价带(25-50),4,199.96,49.99,1.0,0.187,1,4.0,0.2167,差评硬规则(均分<3.0且销量≥3)
2cce627260aeb5a7d459a788e458bd5d,1da3aeb70d7989d1e6d9b0e887f97c23,低价带(<25),5,44.95,8.99,1.8,1.031,2,2.5,0.2159,差评硬规则(均分<3.0且销量≥3)
ff40459ce8252a72f01615a9aca8b877,ca3bd7cd9f149df75950150d010fe4a2,中高价带(50-100),4,231.2,57.8,1.0,0.288,1,4.0,0.2149,差评硬规则(均分<3.0且销量≥3)
0e1fa2aadc04afbf8fb30200aeba06a2,7a241947449cc45dbfda4f9d0798d9d0,高价带(100+),10,1290.0,129.0,1.0,0.385,4,2.5,0.214,差评硬规则(均分<3.0且销量≥3)
5a3f2f6e363dcc2277ba8df88f3a078c,3be634553519fb6536a03e1358e9fdc7,中高价带(50-100),1,93.9,93.9,2.0,0.636,1,1.0,0.2139,综合分末位15%
41e153b95adc3c7f781b583292f312cd,fffd5413c0700ac820c7069d66d98c89,中价带(25-50),3,119.4,39.8,2.0,0.532,4,0.75,0.2129,差评硬规则(均分<3.0且销量≥3)
532d7f19b8005e415f5b98a1cf4a8690,6d988d6174a2c27441597174f8905515,低价带(<25),3,56.85,18.95,2.0,0.693,3,1.0,0.2116,差评硬规则(均分<3.0且销量≥3)
93e27ca75901cf1b9d641cd11dd9f6e5,06579cb253ecd5a3a12a9e6eb6bf8f47,中价带(25-50),4,183.6,45.9,1.0,0.383,1,4.0,0.2113,差评硬规则(均分<3.0且销量≥3)
831dceec53695bea375b42e2c602e913,55bb6fe5bebe5012e2d7d9928e1128ff,低价带(<25),1,24.0,24.0,2.0,0.671,1,1.0,0.2113,综合分末位15%
5315eb668c882a11354fcd9c4d27e254,0bae85eb84b9fb3bd773911e89288d54,中价带(25-50),1,27.95,27.95,2.0,0.691,1,1.0,0.2109,综合分末位15%
5a17789f1d9b487c6f42da9212059dcf,0adac9fbd9a2b63cccaac4f8756c1ca8,中价带(25-50),2,91.01,45.51,2.0,0.195,18,0.111,0.2098,综合分末位15%
13a58c8c026b664e412003b4cbdc30a3,98dac6635aee4995d501a3972e047414,低价带(<25),6,57.6,9.6,1.0,1.678,1,6.0,0.2097,差评硬规则(均分<3.0且销量≥3)
8da00e3b81d03ddb331afbb120621c92,e333046ce6517bd8bb510291d44f0130,中价带(25-50),1,25.0,25.0,2.0,0.775,1,1.0,0.2087,综合分末位15%
d34761aaa1f96394cd795fd65e9b68e2,4992e76a42cb3aad7a7047e0d3d7e729,中价带(25-50),2,50.0,25.0,2.0,0.519,4,0.5,0.2072,综合分末位15%
19ae99a380c31edb46ed9e7dc1e9931c,febab0275244b9a49a623f0bd613ca2f,高价带(100+),1,117.8,117.8,2.0,1.034,1,1.0,0.2045,综合分末位15%
233284251960ee2c45f3bc9e68731630,8e6cc767478edae941d9bd9eb778d77a,低价带(<25),2,46.76,23.38,2.0,0.762,3,0.667,0.2039,综合分末位15%
bdeac558883a62ab1a048c8f3a0cdf3c,1fbe10c70e30765ed1de86d9f7e98409,低价带(<25),5,30.75,6.15,1.0,1.202,1,5.0,0.2039,差评硬规则(均分<3.0且销量≥3)
b12ba6fb4716c6732dc00c5f84466dc8,5b35136197710e16ac5e7b7c2bd4ea85,高价带(100+),2,449.8,224.9,1.5,0.166,2,1.0,0.2036,综合分末位15%
140568dfbaaf1a45e378cb87a346c91e,ca3bd7cd9f149df75950150d010fe4a2,中价带(25-50),4,119.6,29.9,1.0,0.646,1,4.0,0.2031,差评硬规则(均分<3.0且销量≥3)
27e90baf9d996277a5299e5d828be218,c7b7db6c8f3c64a7cc1afa634db21d50,高价带(100+),1,1489.0,1489.0,1.0,0.015,1,1.0,0.2028,综合分末位15%
54d2c5fad57672a4137d94c034827a13,c6381d2d013342748761e906d45aff76,中高价带(50-100),3,207.0,69.0,1.0,0.177,1,3.0,0.2,差评硬规则(均分<3.0且销量≥3)
b944369f7fdafc891e06b47a372f7c45,5b35136197710e16ac5e7b7c2bd4ea85,高价带(100+),1,1395.0,1395.0,1.0,0.042,1,1.0,0.1997,综合分末位15%
c77780d5086829345e6632976fb648a0,95e03ca3d4146e4011985981aeb959b9,中价带(25-50),3,114.0,38.0,1.67,0.418,3,1.0,0.1993,差评硬规则(均分<3.0且销量≥3)
f152b09d0630df240acc7c63009e814d,99a54764c341d5dc80b4a8fac4eba3fb,高价带(100+),2,312.0,156.0,1.5,0.262,2,1.0,0.1977,综合分末位15%
9a4b54310a69c82a6773791c9099e109,7040e82f899a04d1b434b795a43b4617,低价带(<25),6,35.4,5.9,2.33,1.777,10,0.6,0.1975,差评硬规则(均分<3.0且销量≥3)
87590844d536e6b92ecf707a50b1c2c5,c679fb69a36e1d8349e8c50a217b4d58,中高价带(50-100),3,224.94,74.98,1.0,0.31,1,3.0,0.1972,差评硬规则(均分<3.0且销量≥3)
4e8b71eebba5605faf020d7e2a5067c9,98dac6635aee4995d501a3972e047414,低价带(<25),5,60.45,12.09,1.0,1.508,1,5.0,0.1969,差评硬规则(均分<3.0且销量≥3)
1ecbc86db1d81121dcf8790e2fa31ddd,3092c0b297aacfb4bb6e056ebe13b9b8,低价带(<25),1,9.9,9.9,2.0,1.244,1,1.0,0.1965,综合分末位15%
3d4609bbecb3db49babe621f46b1b8fb,fd386aa7bed2af3c7035c65506c9b4a3,低价带(<25),1,16.99,16.99,2.0,1.298,1,1.0,0.1953,综合分末位15%
0dc157babdb4785891879bc375256724,4a1f694197d05fe70026b016a7316b41,中价带(25-50),3,149.97,49.99,1.0,0.326,1,3.0,0.1948,差评硬规则(均分<3.0且销量≥3)
c73d6ef7bae692425ef183569ae8f96e,3078096983cf766a32a06257648502d1,高价带(100+),2,719.98,359.99,1.0,0.266,1,2.0,0.1938,综合分末位15%
bcc964ed123bd73528eefd98c8ce6726,daeb5653dd96c1b11860f72209795012,低价带(<25),1,10.9,10.9,2.0,1.397,1,1.0,0.1927,综合分末位15%
0ad9bbfebaadb488b2fe87504b871c88,2ec6e37d992a95eaddb3369dcbcc76d9,中高价带(50-100),2,159.8,79.9,1.5,0.151,3,0.667,0.1909,综合分末位15%
68076570f98ff29f0b1a09085bd85037,cd06602b43d8800bd0afad514919d35c,低价带(<25),1,7.29,7.29,2.0,1.503,1,1.0,0.1899,综合分末位15%
371fa349d92646bbeea5873df0bcdc5a,f3da5b2ff499efb8d4a6d371d175d7dd,低价带(<25),3,73.86,24.62,1.0,0.5,1,3.0,0.1885,差评硬规则(均分<3.0且销量≥3)
ea74c867ca62f47d2c6bb8f14bdd34df,955fee9216a65b617aa5c0531780ce60,高价带(100+),2,340.0,170.0,1.0,0.114,1,2.0,0.188,综合分末位15%
b204c5ce3709a53db7964aa290f4c4fc,556a6409838156ea299c9d1f9e2dde43,高价带(100+),1,898.0,898.0,1.0,0.033,1,1.0,0.1872,综合分末位15%
970694629024df557d9b71b3088a488d,e504a4e2efaa45cbff7e268a2c58c956,中高价带(50-100),2,199.8,99.9,1.5,0.359,3,0.667,0.1867,综合分末位15%
318fda70a35e94c586339fe51eafbe7d,98dac6635aee4995d501a3972e047414,低价带(<25),3,67.98,22.66,1.0,0.628,1,3.0,0.1851,差评硬规则(均分<3.0且销量≥3)
9cf02957cdf023b6b8dfebede6c64755,98dac6635aee4995d501a3972e047414,低价带(<25),1,5.31,5.31,2.0,1.759,1,1.0,0.1834,综合分末位15%
047c9a28e0da299843d9f67d99959442,2aa3443d7bf9d9bb11133f420d75e083,中高价带(50-100),2,199.8,99.9,1.0,0.167,1,2.0,0.183,综合分末位15%
525d023cea7235fd59133983cc5269bf,0791d9fc1e30678ecf03d3e55fa108d3,中高价带(50-100),2,164.0,82.0,1.0,0.188,1,2.0,0.1816,综合分末位15%
ff95ac47246ef13e48712ea1ff8df0d9,53e4c6e0f4312d4d2107a8c9cddf45cd,中高价带(50-100),2,142.0,71.0,1.0,0.19,1,2.0,0.181,综合分末位15%
29e322a868c120531516ca05238032f2,70eea00b476a314817cefde4aad4f89a,中高价带(50-100),2,136.0,68.0,1.0,0.19,1,2.0,0.1808,综合分末位15%
8043608c406d413f7f645257cdc33f73,0791d9fc1e30678ecf03d3e55fa108d3,中高价带(50-100),2,144.0,72.0,1.0,0.214,1,2.0,0.1804,综合分末位15%
9b7852df1a77c9a80cf5151803db4282,0791d9fc1e30678ecf03d3e55fa108d3,中高价带(50-100),2,144.0,72.0,1.0,0.214,1,2.0,0.1804,综合分末位15%
61107c91091400f4c4523ed7b461a20e,b32be1695eb7ec5f10f72d9610a12527,高价带(100+),1,699.0,699.0,1.0,0.123,1,1.0,0.1798,综合分末位15%
021d39ee869e87d5288f4e731df4a90e,fffd5413c0700ac820c7069d66d98c89,高价带(100+),1,636.0,636.0,1.0,0.085,1,1.0,0.1792,综合分末位15%
62995b7e571f5760017991632bbfd311,98dac6635aee4995d501a3972e047414,低价带(<25),6,31.86,5.31,1.0,2.868,1,6.0,0.179,差评硬规则(均分<3.0且销量≥3)
47a67549d9b00310453dec1c3902e391,7722b1df1b0e383e000397b2c11e3e19,中价带(25-50),2,99.8,49.9,1.0,0.255,1,2.0,0.1783,综合分末位15%
a2cc1ca6628697fcdaa51066d6aa3014,ed4311e67debd72b8610a5347a743087,中高价带(50-100),2,120.0,60.0,1.0,0.278,1,2.0,0.1782,综合分末位15%
887dba291adc295b57b5778ebc8b4060,98dac6635aee4995d501a3972e047414,低价带(<25),3,58.64,19.55,1.67,0.893,6,0.5,0.1774,差评硬规则(均分<3.0且销量≥3)
46fd22a153db867285b826a2c62b446b,ceaec5548eefc6e23e6607c5435102e7,高价带(100+),1,515.0,515.0,1.0,0.059,1,1.0,0.1767,综合分末位15%
fdad06d08341796c0a7975fcaaba7a2e,b33aaadd1a8891d2dfef0c4c3bdf0371,中高价带(50-100),2,110.0,55.0,1.0,0.352,1,2.0,0.1761,综合分末位15%
0fd55f5dee013f990c929cd3ad6bfee0,0adac9fbd9a2b63cccaac4f8756c1ca8,高价带(100+),1,409.9,409.9,1.0,0.042,1,1.0,0.1745,综合分末位15%
29781581fb82fe2389560a3a5331d0ee,b64d51f0435e884e8de603b1655155ae,低价带(<25),3,9.18,3.06,3.0,5.958,1,3.0,0.1744,综合分末位15%
abe322c6be89693af3c42ba847966166,febab0275244b9a49a623f0bd613ca2f,高价带(100+),2,235.6,117.8,1.0,0.56,1,2.0,0.1741,综合分末位15%
2ebf71f199b0f3f3331af7d426ad714c,4c18691b6037662be2df78a765d98ab5,中价带(25-50),2,79.9,39.95,1.0,0.405,1,2.0,0.174,综合分末位15%
081476f0ad46b45e23bbd0f3d1d4dd98,32f1bb9dfa65bc7df5c0d9d95a616be4,低价带(<25),2,39.8,19.9,1.0,0.372,1,2.0,0.1738,综合分末位15%
8ab5b652aa203b172a243df4c604ef97,688756f717c462a206ad854c5027a64a,低价带(<25),2,39.98,19.99,1.0,0.37,1,2.0,0.1738,综合分末位15%
e9ece5b909d4feee55f77a610b262367,fdaaf5bfda82b7b80535610c831b8d09,高价带(100+),1,439.9,439.9,1.0,0.118,1,1.0,0.1733,综合分末位15%
ac1ad58efc1ebf66bfadc09f29bdedc0,98dac6635aee4995d501a3972e047414,低价带(<25),6,29.4,4.9,1.0,3.108,1,6.0,0.1729,差评硬规则(均分<3.0且销量≥3)
be021417a6acb56b9b50d3fd2714baa8,f5f46307a4d15880ca14fab4ad9dfc9b,高价带(100+),1,339.0,339.0,1.0,0.051,1,1.0,0.1724,综合分末位15%
63a02e48edbe315a16efcd9c9a389785,8e6cc767478edae941d9bd9eb778d77a,中价带(25-50),2,63.84,31.92,1.0,0.473,1,2.0,0.1718,综合分末位15%
03feb64db1d0ea0aaad178536a2d0640,8e6cc767478edae941d9bd9eb778d77a,高价带(100+),1,371.2,371.2,1.0,0.108,1,1.0,0.1718,综合分末位15%
0573b564a90d2d9f9c460eb963da8c33,f1b93673502375d491780bb49d615dbc,高价带(100+),1,361.98,361.98,1.0,0.132,1,1.0,0.171,综合分末位15%
853ee0759242b6c1e8e1de5052df3fc4,f0b47fbbc6dee9aafe415a6e33051b3f,中价带(25-50),2,59.98,29.99,1.0,0.537,1,2.0,0.1701,综合分末位15%
b0edba4fd6456eab5a6b6201caf7b323,0adac9fbd9a2b63cccaac4f8756c1ca8,高价带(100+),1,259.9,259.9,1.0,0.066,1,1.0,0.17,综合分末位15%
34dfc6386b7550503bd2e582ef45d041,c731d18cea9bf687ffee82a241c25b11,高价带(100+),1,173.0,173.0,1.0,0.0,1,1.0,0.1695,综合分末位15%
b4a595a550a377a81bf10d27821fab6d,59b22a78efb79a4797979612b885db36,高价带(100+),1,299.0,299.0,1.0,0.13,1,1.0,0.1694,综合分末位15%
e76a885142c73e17342e450b79b46d40,f1b93673502375d491780bb49d615dbc,高价带(100+),1,310.24,310.24,1.0,0.154,1,1.0,0.1691,综合分末位15%
28dfc4b48aa78bae6d69b43b2742774d,054694fa03fe82cec4b7551487331d74,高价带(100+),1,224.1,224.1,1.0,0.087,1,1.0,0.1686,综合分末位15%
5cd974d57ad85f7d1dfa45acba5e2028,c840d3fdbba0790404fdae73d253b253,高价带(100+),1,209.0,209.0,1.0,0.078,1,1.0,0.1684,综合分末位15%
92dc38393e62d366ae080808b222ccae,55bb6fe5bebe5012e2d7d9928e1128ff,高价带(100+),1,177.0,177.0,1.0,0.076,1,1.0,0.1677,综合分末位15%
a3816405c56f1df398541ee9c498b056,b7ed9fb14c8eadb37adb9c45d67ab0fb,中价带(25-50),2,58.0,29.0,1.0,0.639,1,2.0,0.1675,综合分末位15%
b33eafe0578ff59c3c9c0853a365e3b6,9baf5cb77970f539089d09a38bcec5c3,高价带(100+),1,154.99,154.99,1.0,0.076,1,1.0,0.1671,综合分末位15%
cc95f2435cc780a6992154d6a29ff226,6a51fc556dab5f766ced6fbc860bc613,高价带(100+),1,169.9,169.9,1.0,0.106,1,1.0,0.1667,综合分末位15%
135679c12dc580ad4a0c87b494a46942,00720abe85ba0859807595bbf045a33b,高价带(100+),1,132.0,132.0,1.0,0.073,1,1.0,0.1666,综合分末位15%
697bc524f3fdfaef7c92b56e8cc16aef,a2e874074c877c5a05abae80ad6e488f,高价带(100+),1,182.53,182.53,1.0,0.128,1,1.0,0.1665,综合分末位15%
e03071a2d2410c9ef2be47b508cac95f,8e6cc767478edae941d9bd9eb778d77a,高价带(100+),1,165.4,165.4,1.0,0.118,1,1.0,0.1663,综合分末位15%
05e896ddcd2490d4185badce5f9b45e4,b19f3ca2ea475913750f25a5c37c8d8f,高价带(100+),1,229.9,229.9,1.0,0.19,1,1.0,0.1661,综合分末位15%
4d496091a266c21966fc846720b8435c,0adac9fbd9a2b63cccaac4f8756c1ca8,高价带(100+),1,136.9,136.9,1.0,0.11,1,1.0,0.1658,综合分末位15%
ecd5ed7617a3120fd8951a701c93f9bf,45ba18c210d42734ec52c0c1c574e9ee,高价带(100+),1,199.9,199.9,1.0,0.176,1,1.0,0.1657,综合分末位15%
802b8430511a39ecdad069cf6c7dd812,4e922959ae960d389249c378d1c939f5,高价带(100+),1,180.0,180.0,1.0,0.164,1,1.0,0.1655,综合分末位15%
0d8c593f5408c0e5d59f850bb0a7b499,0725b8c0f3f906e58f70cbe76b7c748c,高价带(100+),1,329.99,329.99,1.0,0.322,1,1.0,0.1654,综合分末位15%
11b906b2a09fb80668f4478dd3f9c324,98dac6635aee4995d501a3972e047414,低价带(<25),1,14.22,14.22,1.0,0.001,1,1.0,0.1654,综合分末位15%
b169ac8237427de1bd8c67b4eabfaa18,b19f3ca2ea475913750f25a5c37c8d8f,高价带(100+),1,368.9,368.9,1.0,0.366,1,1.0,0.1653,综合分末位15%
b91acff8b390a54505696f51260827a8,4bfc7a4a1cf8d4d2121c27422d9e50b5,高价带(100+),1,150.0,150.0,1.0,0.148,1,1.0,0.1652,综合分末位15%
08279c494018541f71443c07d77560f8,e333046ce6517bd8bb510291d44f0130,高价带(100+),1,159.0,159.0,1.0,0.171,1,1.0,0.1648,综合分末位15%
4a0356df7b44fc692a2dbd9c5a67a1da,0432ead42b6c8a0bdf68154add917fdf,中高价带(50-100),1,79.9,79.9,1.0,0.098,1,1.0,0.1646,综合分末位15%
6b5d792112275a0262356e64e098025f,7722b1df1b0e383e000397b2c11e3e19,中价带(25-50),1,44.9,44.9,1.0,0.064,1,1.0,0.1646,综合分末位15%
cd489785324bc65510f5a0ea2382f1d3,53e4c6e0f4312d4d2107a8c9cddf45cd,中高价带(50-100),1,70.0,70.0,1.0,0.097,1,1.0,0.1644,综合分末位15%
cbe73e033835920bea2c769177237510,ffc470761de7d0232558ba5e786e57b7,中高价带(50-100),1,87.37,87.37,1.0,0.117,1,1.0,0.1643,综合分末位15%
8cf22b2cc9465d64474a09853b62f5b2,ed8cb7b190ceb6067227478e48cf8dde,中高价带(50-100),1,65.0,65.0,1.0,0.098,1,1.0,0.1642,综合分末位15%
5ed1d686373e3b3a2ddd9a4ce44f3fb2,cd06602b43d8800bd0afad514919d35c,低价带(<25),1,19.9,19.9,1.0,0.067,1,1.0,0.1639,综合分末位15%
5421431a9abfbdac3006e7aa925c0213,cd06602b43d8800bd0afad514919d35c,低价带(<25),1,19.9,19.9,1.0,0.066,1,1.0,0.1639,综合分末位15%
ef294607deabb11f3a073420257ab579,99a54764c341d5dc80b4a8fac4eba3fb,高价带(100+),1,130.0,130.0,1.0,0.181,1,1.0,0.1638,综合分末位15%
6f1ba20b6411eca7f07ac5cf26381d80,99a54764c341d5dc80b4a8fac4eba3fb,高价带(100+),1,130.0,130.0,1.0,0.181,1,1.0,0.1638,综合分末位15%
9102363e9fd5fc8fa4c0719ee704c89c,e06f09ec0a4aca210779cf1cfc63cf19,中高价带(50-100),1,88.3,88.3,1.0,0.149,1,1.0,0.1636,综合分末位15%
78cee0468912540c91a02760c91481fd,6edacfd9f9074789dad6d62ba7950b9c,中高价带(50-100),1,66.9,66.9,1.0,0.138,1,1.0,0.1633,综合分末位15%
7176cc4ccfa22cda4b0e01080c8d96ed,e504a4e2efaa45cbff7e268a2c58c956,中高价带(50-100),1,99.9,99.9,1.0,0.178,1,1.0,0.1631,综合分末位15%
8ddbf2c953e42ed2a627c4ac08706bc2,fffd5413c0700ac820c7069d66d98c89,中高价带(50-100),1,98.0,98.0,1.0,0.182,1,1.0,0.163,综合分末位15%
1c6cf85f4af5c2787a812d273b836c01,b19f3ca2ea475913750f25a5c37c8d8f,中高价带(50-100),1,78.9,78.9,1.0,0.173,1,1.0,0.1627,综合分末位15%
6aaa03bfd8582d76c23b11ef0e80f85d,93b9a99027bd8bd6af682aff18dd19bf,中高价带(50-100),1,66.0,66.0,1.0,0.165,1,1.0,0.1626,综合分末位15%
e36d6f9698990032f410888ab17c2d87,b6d44737c043328708f6749c2dbe50bd,中高价带(50-100),1,70.0,70.0,1.0,0.178,1,1.0,0.1624,综合分末位15%
f70745e4fa89a660ef5a526eca67aac1,98dac6635aee4995d501a3972e047414,中高价带(50-100),1,78.76,78.76,1.0,0.187,1,1.0,0.1624,综合分末位15%
9e92e1d0e33230b26c551bca363f1c41,0725b8c0f3f906e58f70cbe76b7c748c,中高价带(50-100),1,79.9,79.9,1.0,0.198,1,1.0,0.1621,综合分末位15%
acf962a85a6f611c28a60519a4ae46e5,7d7d2b7a51328016102d4528c411d630,高价带(100+),1,105.0,105.0,1.0,0.224,1,1.0,0.1621,综合分末位15%
c7208c176705ee9e839f9ada9401d4c6,f0b47fbbc6dee9aafe415a6e33051b3f,中价带(25-50),1,49.49,49.49,1.0,0.172,1,1.0,0.162,综合分末位15%
982a0a294a593c7489a1a0a616b5e7c6,ca3bd7cd9f149df75950150d010fe4a2,中高价带(50-100),1,52.37,52.37,1.0,0.178,1,1.0,0.1619,综合分末位15%
591efcfda8812f90d99a864afde3917f,994f04b3718c2bab35c2adfa8afecd2a,中价带(25-50),1,49.9,49.9,1.0,0.181,1,1.0,0.1618,综合分末位15%
a35f680fc19e06d3f9524a3ad7be2b06,7357b52d27cbaa90f81a96cbc1279396,中高价带(50-100),1,76.07,76.07,1.0,0.205,1,1.0,0.1618,综合分末位15%
4a613da687465cbb56070936889199f8,688756f717c462a206ad854c5027a64a,中价带(25-50),1,49.89,49.89,1.0,0.182,1,1.0,0.1617,综合分末位15%
8bfcd04b543971c83e16de0ab446407d,f0b47fbbc6dee9aafe415a6e33051b3f,中价带(25-50),2,51.98,25.99,1.0,0.872,1,2.0,0.1615,综合分末位15%
e05fc6d940189fe74d87ba8091afbdb6,3dfd3dc96f7f8598eca74e9ac8a2fa31,中高价带(50-100),1,70.0,70.0,1.0,0.22,1,1.0,0.1613,综合分末位15%
6994675fdff4377e6e1b738094977cf4,b19f3ca2ea475913750f25a5c37c8d8f,高价带(100+),1,108.9,108.9,1.0,0.258,1,1.0,0.1613,综合分末位15%
108f543335771c62fd62bef0dfc035bb,17ca9b9e9b9ef8fdb529001b49ebb50f,中高价带(50-100),1,79.97,79.97,1.0,0.234,1,1.0,0.1612,综合分末位15%
47ac4dcdb04867daeaad647d224389e4,b19f3ca2ea475913750f25a5c37c8d8f,中高价带(50-100),1,99.89,99.89,1.0,0.256,1,1.0,0.1612,综合分末位15%
a5c0a72789779d4debc2f72204111cb0,53e4c6e0f4312d4d2107a8c9cddf45cd,高价带(100+),1,149.0,149.0,1.0,0.305,1,1.0,0.1612,综合分末位15%
846da0169591ba9433fe3a6ba6ba0373,d4ffeb15b67e81ff9af2b4252d99fb7e,中高价带(50-100),1,79.0,79.0,1.0,0.239,1,1.0,0.1611,综合分末位15%
ce01123f60fc72dfaf1e9c525b0ba71d,9853a239ab7b7ebbdc3a21248d5b8e1f,中高价带(50-100),1,65.0,65.0,1.0,0.234,1,1.0,0.1608,综合分末位15%
08e2111445e8c886145ce42fbe261085,e333046ce6517bd8bb510291d44f0130,中高价带(50-100),1,59.0,59.0,1.0,0.233,1,1.0,0.1607,综合分末位15%
6cb77fe886eb23d371dcce2d429612a7,ffdd9f82b9a447f6f8d4b91554cc7dd3,中高价带(50-100),1,99.0,99.0,1.0,0.277,1,1.0,0.1606,综合分末位15%
83dc3ac4a306a4d891b211d29ed774db,4992e76a42cb3aad7a7047e0d3d7e729,中价带(25-50),1,39.9,39.9,1.0,0.234,1,1.0,0.1602,综合分末位15%
dea3de7c4e7aa375d564fa2ddb7099b7,59b22a78efb79a4797979612b885db36,中高价带(50-100),1,59.0,59.0,1.0,0.257,1,1.0,0.1601,综合分末位15%
5f4f9900058f5deda33d748e733a5292,38e679b9e0064cd94c6f035707344dae,中价带(25-50),1,49.9,49.9,1.0,0.25,1,1.0,0.16,综合分末位15%
ffbc83054b3741a8d67fc59d9cf9d42d,6edacfd9f9074789dad6d62ba7950b9c,中价带(25-50),1,44.9,44.9,1.0,0.259,1,1.0,0.1597,综合分末位15%
8218c41b07f96e9465fdc0931fb81faf,53e4c6e0f4312d4d2107a8c9cddf45cd,中价带(25-50),1,32.0,32.0,1.0,0.243,1,1.0,0.1597,综合分末位15%
ef89d382c9cfdda69f4da6f5873c5eb1,5cbbd5a299cab112b7bf23862255e43e,中高价带(50-100),1,75.33,75.33,1.0,0.303,1,1.0,0.1593,综合分末位15%
d14c053e6b7bb2e2f819b1b4926f6159,a414555ce331b8c8aea4a9cb8395194d,中价带(25-50),1,45.99,45.99,1.0,0.278,1,1.0,0.1592,综合分末位15%
3e6f2d0265ff6265eb639a8d3027f5a3,6219ba2359cfb97f2e38fd4c321eb309,中高价带(50-100),1,58.0,58.0,1.0,0.304,1,1.0,0.1589,综合分末位15%
ab8b1558bc47d266f0ae41ea420aaa27,e06f09ec0a4aca210779cf1cfc63cf19,中价带(25-50),1,45.0,45.0,1.0,0.297,1,1.0,0.1587,综合分末位15%
8feadd2febbe968ed4cd3cb73de662d2,0bae85eb84b9fb3bd773911e89288d54,中高价带(50-100),1,54.16,54.16,1.0,0.326,1,1.0,0.1582,综合分末位15%
bea920589ef5e1949b4627e0574b877b,4c18691b6037662be2df78a765d98ab5,中价带(25-50),1,25.0,25.0,1.0,0.296,1,1.0,0.1582,综合分末位15%
3a002b488f85e2b30838e413c9241f18,dbb9b48c841a0e39e21f98e1a6b2ec3e,中价带(25-50),1,44.9,44.9,1.0,0.323,1,1.0,0.1581,综合分末位15%
62e456c867c6e980b926b96362a76468,bd4ff04377f974574f7f0bf9d6ce7dde,中价带(25-50),1,34.99,34.99,1.0,0.336,1,1.0,0.1575,综合分末位15%
b5c114b11d53b6fd85a6a90790f0b479,0adac9fbd9a2b63cccaac4f8756c1ca8,中价带(25-50),1,42.9,42.9,1.0,0.352,1,1.0,0.1573,综合分末位15%
d068b5273f2823a2b01f34b7175c5e50,c679fb69a36e1d8349e8c50a217b4d58,中高价带(50-100),1,52.98,52.98,1.0,0.369,1,1.0,0.1571,综合分末位15%
e8d7b12572b213ba22acebb8983a4615,8d92f3ea807b89465643c219455e7369,中高价带(50-100),1,63.9,63.9,1.0,0.418,1,1.0,0.1562,综合分末位15%
888eeb22340037a42971d30e3808a745,daeb5653dd96c1b11860f72209795012,中高价带(50-100),1,53.9,53.9,1.0,0.41,1,1.0,0.1561,综合分末位15%
2abe986592541f0d9448fe0af86903ee,8b28d096634035667e8263d57ba3368c,中价带(25-50),1,49.9,49.9,1.0,0.442,1,1.0,0.1552,综合分末位15%
0af4dce351fbee7db329f93260f68142,ac6417315ae5da8f9a38ee11de6f7780,中高价带(50-100),1,72.5,72.5,1.0,0.497,1,1.0,0.1544,综合分末位15%
40a4dfa74a737d541b3c2413edf9cdf6,ad273c9eb54ecb4532de4bf75bae9e4e,中价带(25-50),1,49.0,49.0,1.0,0.474,1,1.0,0.1544,综合分末位15%
fde7de6bf5508a0001da45dbe6c80b22,04e38a233f726ef161074ab1c9b0399a,中价带(25-50),1,32.9,32.9,1.0,0.459,1,1.0,0.1543,综合分末位15%
02623b0e4e6b951aefb23575de1f3886,ad273c9eb54ecb4532de4bf75bae9e4e,中高价带(50-100),1,54.0,54.0,1.0,0.488,1,1.0,0.1541,综合分末位15%
0ca0e1d4e4c7a404e472d27c0c19c3f5,53e4c6e0f4312d4d2107a8c9cddf45cd,低价带(<25),1,23.99,23.99,1.0,0.489,1,1.0,0.1533,综合分末位15%
58f579bb52bea63fe1c6c39c2d4272d8,a5ff20ff766e7f50bd5066f33da14413,低价带(<25),1,18.6,18.6,1.0,0.484,1,1.0,0.1533,综合分末位15%
85df056390074964b49be3a497aabd9a,741f8c587cb4248ebc5b779a0e8e0e51,低价带(<25),1,14.99,14.99,1.0,0.493,1,1.0,0.153,综合分末位15%
064c975d37d3c646bd94d94c6e16f37e,a5ff20ff766e7f50bd5066f33da14413,低价带(<25),1,17.99,17.99,1.0,0.5,1,1.0,0.1529,综合分末位15%
783cd1a4f11758a775c8ad18fac940f7,2ff97219cb8622eaf3cd89b7d9c09824,中价带(25-50),1,35.9,35.9,1.0,0.538,1,1.0,0.1524,综合分末位15%
7fd769d8502843f5c3f074785f9cfd61,0dfbed20065e425d2eaefb101f9816c0,中价带(25-50),1,33.99,33.99,1.0,0.536,1,1.0,0.1524,综合分末位15%
b92268ad64d3947c80fddbc3a82de845,cc5a78bbad32776dc4e3af205218368c,中高价带(50-100),1,77.74,77.74,1.0,0.584,1,1.0,0.1523,综合分末位15%
6f86fa71a6aa21f45e317590aacd0c3f,b7ed9fb14c8eadb37adb9c45d67ab0fb,中价带(25-50),2,90.0,45.0,1.0,0.195,5,0.4,0.1522,综合分末位15%
a7bbff32c7321478b29f924301a1867d,dfc475d54e1b6dbeeb7d7d9bdaa63827,低价带(<25),1,16.9,16.9,1.0,0.532,1,1.0,0.1521,综合分末位15%
5b8f7ebec7ae66255b5091a6efc2689e,276677b5d08786d5dce7c2149dcce48b,低价带(<25),2,35.8,17.9,1.0,1.232,1,2.0,0.152,综合分末位15%
ee7b75ae9c945d4775460a67051036db,76ea5315acb3f5f7ade3cd261faf922a,中价带(25-50),1,47.5,47.5,1.0,0.568,1,1.0,0.152,综合分末位15%
bf5c9388b3b4225c6578eadbde4781db,8b28d096634035667e8263d57ba3368c,中价带(25-50),1,28.99,28.99,1.0,0.561,1,1.0,0.1517,综合分末位15%
2d1a9ea0989c21fc3903ab08be09a4f0,e333046ce6517bd8bb510291d44f0130,中高价带(50-100),1,59.0,59.0,1.0,0.592,1,1.0,0.1517,综合分末位15%
2f5a77b383b92f864e510f156de82337,6edacfd9f9074789dad6d62ba7950b9c,中价带(25-50),1,39.9,39.9,1.0,0.576,1,1.0,0.1516,综合分末位15%
bd144d5290d032a564563d75e98be4e8,e9779976487b77c6d4ac45f75ec7afe9,中价带(25-50),1,33.9,33.9,1.0,0.573,1,1.0,0.1515,综合分末位15%
bb32b03270ad3f5a8aa9474d354119ab,a420f60ff1aa9acc80d0e42959f2b313,中价带(25-50),1,28.0,28.0,1.0,0.598,1,1.0,0.1507,综合分末位15%
926ecae86335e45fea05e1e39e9a5be9,a218df5c097b0ca409cfaac1488cc7f6,中高价带(50-100),1,89.9,89.9,1.0,0.666,1,1.0,0.1506,综合分末位15%
552dadda0dee43a4a55b7a05992a174a,c679fb69a36e1d8349e8c50a217b4d58,中价带(25-50),1,34.98,34.98,1.0,0.634,1,1.0,0.15,综合分末位15%
1cb60c9b90bc722828facc251de1cf94,53e4c6e0f4312d4d2107a8c9cddf45cd,中价带(25-50),1,29.0,29.0,1.0,0.633,1,1.0,0.1499,综合分末位15%
82498e96fa34d0975dc61a765a65d523,99a54764c341d5dc80b4a8fac4eba3fb,低价带(<25),1,12.5,12.5,1.0,0.638,1,1.0,0.1493,综合分末位15%
64ec83de8f0026319c8829351e3d6e23,138dbe45fc62f1e244378131a6801526,低价带(<25),1,13.9,13.9,1.0,0.647,1,1.0,0.1491,综合分末位15%
bc7496ccc90a64c022a56021c65c9cda,8a2d12a90e92f012ce5226fc6592b653,低价带(<25),1,19.9,19.9,1.0,0.682,1,1.0,0.1484,综合分末位15%
ede30543a08093f6211aae6c721fddc3,c679fb69a36e1d8349e8c50a217b4d58,中价带(25-50),1,27.98,27.98,1.0,0.693,1,1.0,0.1483,综合分末位15%
b3f29e4bbae3c829f7c4231074c307ee,53e4c6e0f4312d4d2107a8c9cddf45cd,高价带(100+),1,129.0,129.0,1.0,0.807,1,1.0,0.148,综合分末位15%
ee8138bcca833152a19543702228ee26,0725b8c0f3f906e58f70cbe76b7c748c,低价带(<25),1,21.99,21.99,1.0,0.708,1,1.0,0.1478,综合分末位15%
bdfa3ba07ef80b018f8102da22d908d1,98dac6635aee4995d501a3972e047414,低价带(<25),1,16.62,16.62,1.0,0.718,1,1.0,0.1474,综合分末位15%
af3741580aab9876533f1c3e08aca7bb,9c3a1c416c765687bc79a04113269929,中高价带(50-100),1,74.9,74.9,1.0,0.786,1,1.0,0.1472,综合分末位15%
540de93b2ffb859f65596855505ad7a1,99a54764c341d5dc80b4a8fac4eba3fb,低价带(<25),1,10.6,10.6,1.0,0.755,1,1.0,0.1463,综合分末位15%
9541c4d8ef396401c096f381c3d6aa64,99a54764c341d5dc80b4a8fac4eba3fb,低价带(<25),1,10.5,10.5,1.0,0.76,1,1.0,0.1462,综合分末位15%
f3fddc967610429e8ee3cf2d089817bf,a2e874074c877c5a05abae80ad6e488f,低价带(<25),2,15.92,7.96,1.0,1.489,1,2.0,0.145,综合分末位15%
ee188b2353254fc5117468bfab1e789f,98dac6635aee4995d501a3972e047414,低价带(<25),1,12.17,12.17,1.0,0.84,1,1.0,0.1442,综合分末位15%
fa05881d3eb7ffec2322b507ed3ccc6b,87142160b41353c4e5fca2360caf6f92,低价带(<25),2,39.8,19.9,1.0,1.559,1,2.0,0.1439,综合分末位15%
56f96b94cbba67352e072d40e4e02167,0adac9fbd9a2b63cccaac4f8756c1ca8,低价带(<25),1,18.6,18.6,1.0,0.866,1,1.0,0.1437,综合分末位15%
e82d0f095d2e87c1d46d5f909ed00a30,4c18691b6037662be2df78a765d98ab5,低价带(<25),2,48.0,24.0,1.0,0.635,4,0.5,0.1417,综合分末位15%
2fa0dd76935b81bb4fe9cc959138758d,f0b47fbbc6dee9aafe415a6e33051b3f,低价带(<25),1,23.44,23.44,1.0,0.968,1,1.0,0.1413,综合分末位15%
1ca44bcd8ec3cca1bc2080d3c63c16b8,1da3aeb70d7989d1e6d9b0e887f97c23,低价带(<25),1,19.99,19.99,1.0,0.967,1,1.0,0.1412,综合分末位15%
24016cd8f7a556eaaf043552e23df9f4,99a54764c341d5dc80b4a8fac4eba3fb,低价带(<25),1,8.0,8.0,1.0,0.998,1,1.0,0.1401,综合分末位15%
4fb75e72740ecb238efad0fbea708f3a,eb5b6204dde3a6e03b5f1bb8479f055b,低价带(<25),2,20.84,10.42,1.0,1.75,1,2.0,0.1386,综合分末位15%
293637be1a5ab3bd138fb6b758100e7c,0adac9fbd9a2b63cccaac4f8756c1ca8,低价带(<25),1,10.9,10.9,1.0,1.087,1,1.0,0.138,综合分末位15%
ea8b738ef7a9baaf574870d6041ebf52,8e6cc767478edae941d9bd9eb778d77a,低价带(<25),1,15.0,15.0,1.0,1.173,1,1.0,0.1359,综合分末位15%
24543438ec09114a42a153f76ae693f2,1fa2d3def6adfa70e58c276bb64fe5bb,低价带(<25),1,6.9,6.9,1.0,1.304,1,1.0,0.1324,综合分末位15%
09f28cb5f7c4be97ab03652e641c7843,98dac6635aee4995d501a3972e047414,低价带(<25),1,8.76,8.76,1.0,1.353,1,1.0,0.1312,综合分末位15%
be03d93320192443b8fa24c0ca6ead98,3504c0cb71d7fa48d967e0e4c94d59d9,中价带(25-50),1,46.8,46.8,1.0,1.447,1,1.0,0.1298,综合分末位15%
4fec1ad678269e2167a25f1db2550c33,3361277dc30b7cccdb0c286b24219756,低价带(<25),1,11.99,11.99,1.0,1.483,1,1.0,0.128,综合分末位15%
93a99b40878c0d888fa4f44459fcac05,f61c63d13f7cd800549d5acdd390ae72,低价带(<25),1,8.0,8.0,1.0,1.481,1,1.0,0.128,综合分末位15%
8f08d9a3c02538bfb6110150a8bbad07,e6a69c4a27dfdd98ffe5aa757ad744bc,低价带(<25),1,9.89,9.89,1.0,1.527,1,1.0,0.1269,综合分末位15%
e1ecd7384e97b1ca3f7b1601c78728c9,4830e40640734fc1c52cd21127c341d4,中价带(25-50),1,30.0,30.0,1.0,1.745,1,1.0,0.1219,综合分末位15%
286095c794e49a9fe92fd5082c1360b1,6edacfd9f9074789dad6d62ba7950b9c,低价带(<25),1,18.9,18.9,1.0,1.788,1,1.0,0.1205,综合分末位15%
970920a8e74dbbac4bcae9119351d3b7,8e6cc767478edae941d9bd9eb778d77a,低价带(<25),1,6.99,6.99,1.0,5.422,1,1.0,0.0287,综合分末位15%
